id,banco_id,tipo,condiciones,fechaOferta,limiteCredito
0,95,Préstamo Personal,Themselves within national.,2021-10-13,16918
1,87,Hipoteca,Lead relate ball simple movie teacher.,2020-11-24,5100
2,47,Hipoteca,Course process start happy small manage.,2019-07-04,29948
3,58,Tarjeta de Crédito,Though eight she security design identify similar.,2023-01-30,32919
4,94,Hipoteca,Forget little matter same why chance.,2020-04-16,11720
5,40,Préstamo Personal,Might trip religious democratic many quickly.,2022-08-17,29953
6,87,Hipoteca,Control TV possible drug mother.,2023-12-13,40662
7,38,Tarjeta de Crédito,Member born majority decide executive deal thing.,2024-01-03,20937
8,48,Préstamo Personal,Window simple against agent teacher difficult participant.,2023-11-25,9503
9,26,Préstamo Personal,Take piece day foot.,2022-07-09,31286
10,92,Préstamo Personal,Official outside far college health social effort.,2019-04-18,22460
11,57,Hipoteca,Whose mouth hospital morning.,2019-11-22,23609
12,98,Tarjeta de Crédito,Surface picture scene.,2020-05-28,40592
13,25,Tarjeta de Crédito,Writer quickly knowledge security although around.,2023-03-07,12085
14,15,Préstamo Personal,Grow report interesting remember grow cut vote.,2023-12-15,6283
15,1,Tarjeta de Crédito,Change provide worker may hand no.,2021-03-08,7941
16,39,Hipoteca,News fall meet wind thing.,2021-07-19,16385
17,9,Hipoteca,Until position reduce laugh war.,2019-09-01,3026
18,88,Préstamo Personal,A anyone activity letter draw.,2022-05-20,36707
19,39,Préstamo Personal,See create task quickly.,2020-01-08,15264
20,11,Préstamo Personal,Soon structure huge.,2023-09-18,24001
21,35,Préstamo Personal,New turn building anything.,2023-08-08,9361
22,40,Hipoteca,Appear weight political win mission score answer.,2019-03-23,1454
23,27,Préstamo Personal,Candidate think discuss common.,2020-09-28,11964
24,56,Tarjeta de Crédito,Focus color church prepare.,2019-05-28,5725
25,70,Préstamo Personal,Important sister give final later machine.,2022-07-29,3407
26,15,Hipoteca,Our third minute clearly.,2021-09-19,14248
27,48,Tarjeta de Crédito,Opportunity community staff.,2024-03-02,23220
28,80,Hipoteca,Hope paper yes source.,2023-12-08,31341
29,72,Préstamo Personal,Threat share blood agreement crime model spring.,2021-06-07,40881
30,11,Préstamo Personal,Site know when nor.,2022-09-02,41742
31,3,Hipoteca,Special article stock fear money quite.,2021-01-15,32165
32,21,Tarjeta de Crédito,Exactly work activity single like need.,2020-10-20,21006
33,90,Préstamo Personal,Push focus south once way.,2024-03-07,9670
34,49,Hipoteca,Ten watch up door least professor push.,2022-12-20,16506
35,70,Préstamo Personal,Into bar walk.,2019-08-10,24111
36,16,Hipoteca,Trade always agree wear on owner.,2020-01-08,31343
37,97,Hipoteca,On friend study talk show country.,2020-05-06,20244
38,44,Hipoteca,Away continue both hope.,2020-04-03,17721
39,63,Tarjeta de Crédito,Image law something defense.,2022-09-23,49758
40,60,Tarjeta de Crédito,By across decision miss final.,2023-07-26,25135
41,98,Hipoteca,Recent thousand according but either.,2020-10-12,20170
42,90,Hipoteca,Summer happen difference partner air.,2020-04-14,10798
43,4,Tarjeta de Crédito,Development she when spend yeah do save difference.,2021-03-19,35987
44,88,Préstamo Personal,Food budget however majority see generation.,2020-03-18,43127
45,29,Préstamo Personal,Most power put everything son dream after performance.,2021-03-14,1644
46,59,Préstamo Personal,Fly senior against institution.,2022-11-21,34207
47,68,Hipoteca,Program civil cup difference of letter ready.,2022-05-03,2574
48,14,Tarjeta de Crédito,Opportunity leave water develop particularly everybody.,2022-05-22,3756
49,62,Préstamo Personal,Section tell unit nice break better rest minute.,2022-06-21,47305
50,82,Préstamo Personal,Catch that another daughter rock raise himself.,2021-11-29,35531
51,38,Préstamo Personal,American dream official account painting rock.,2021-08-18,43345
52,73,Préstamo Personal,Number note nation career Mrs.,2019-11-13,44450
53,13,Hipoteca,Rich well edge job.,2023-05-02,22657
54,92,Préstamo Personal,College none save network.,2021-11-14,11190
55,46,Préstamo Personal,Century despite red.,2023-05-20,48631
56,24,Hipoteca,Edge force several home course enjoy.,2021-08-03,12955
57,69,Tarjeta de Crédito,Mrs join management image mind store middle.,2020-04-17,2853
58,11,Préstamo Personal,Above beyond serve model.,2020-02-08,3469
59,44,Hipoteca,Hit give window us memory.,2022-11-28,32922
60,77,Préstamo Personal,Not might long able administration.,2023-01-14,46314
61,55,Préstamo Personal,Speak be develop meet reality.,2022-05-15,7784
62,73,Hipoteca,Six green it street.,2022-12-16,9953
63,55,Tarjeta de Crédito,Listen indeed certainly PM good.,2023-01-21,31254
64,68,Préstamo Personal,Stock kind lot water ask.,2022-08-04,31309
65,77,Préstamo Personal,Age field item building important difference.,2020-10-12,30600
66,11,Hipoteca,Move ahead couple early sport enough.,2022-05-03,49581
67,80,Préstamo Personal,No chair author however reason difference.,2021-07-18,16639
68,23,Tarjeta de Crédito,Player process else yard situation reveal.,2022-08-14,7953
69,47,Préstamo Personal,Hear long best.,2023-10-09,33402
70,96,Préstamo Personal,Someone visit add great vote leave.,2022-03-28,10191
71,90,Tarjeta de Crédito,Strong mission letter several set check three job.,2023-06-30,31669
72,17,Préstamo Personal,Let security like shake look for administration.,2023-03-14,45527
73,72,Tarjeta de Crédito,When outside commercial these night.,2023-03-01,41213
74,86,Tarjeta de Crédito,Peace agree create move entire.,2023-01-06,43153
75,32,Préstamo Personal,Back section collection new high challenge threat.,2021-01-31,13976
76,46,Préstamo Personal,President religious record maybe pick close.,2023-03-12,40684
77,76,Préstamo Personal,Throw final city effect minute blue discover here.,2020-02-02,28056
78,49,Hipoteca,Take material even.,2023-03-01,16484
79,9,Tarjeta de Crédito,Training affect pass color discuss.,2020-08-08,5941
80,86,Hipoteca,Seat produce perhaps standard six business likely poor.,2020-11-07,22217
81,18,Préstamo Personal,Car myself culture husband catch meet.,2020-09-24,25030
82,36,Hipoteca,Bed cold national build service.,2020-03-01,22419
83,32,Hipoteca,Man cover stand own son property skin.,2019-06-01,24274
84,79,Préstamo Personal,Argue consider drive outside sea hot case.,2023-03-18,41923
85,25,Tarjeta de Crédito,Unit news medical send him.,2020-01-07,32656
86,53,Tarjeta de Crédito,Generation hear family low partner after.,2019-08-20,38674
87,49,Hipoteca,Window six reality.,2023-11-05,29448
88,40,Tarjeta de Crédito,Ready stay idea try heart none.,2021-10-09,18289
89,69,Préstamo Personal,Head finish for north.,2019-05-04,3505
90,23,Préstamo Personal,Many morning media candidate threat learn campaign.,2024-01-24,2893
91,87,Tarjeta de Crédito,Better several inside but mean pattern international.,2023-08-22,48362
92,51,Tarjeta de Crédito,Data hair cold process hope.,2023-08-20,9665
93,49,Préstamo Personal,Least street suffer generation manager.,2020-02-29,21507
94,28,Préstamo Personal,Fight radio theory end each though tonight.,2019-12-20,10648
95,17,Préstamo Personal,Nation perhaps whatever travel treatment bill you.,2019-06-10,25396
96,8,Préstamo Personal,Growth police participant scientist after.,2020-08-02,45218
97,69,Préstamo Personal,Cell body whether develop popular.,2020-01-25,47933
98,46,Hipoteca,Take she authority project according style have service.,2021-06-12,10675
99,99,Tarjeta de Crédito,Debate threat need pull western current already.,2019-09-18,19456
100,30,Hipoteca,Perform action today discussion return news feel.,2020-11-06,37856
101,8,Préstamo Personal,Goal together model nearly benefit these accept.,2022-08-01,19948
102,94,Tarjeta de Crédito,Line this wife admit see.,2020-01-03,38763
103,93,Hipoteca,Practice table board now follow form little Congress.,2020-05-26,38918
104,15,Préstamo Personal,Law attack few spring.,2019-08-21,29155
105,30,Hipoteca,Meet that inside far along thousand city.,2023-02-05,16213
106,25,Hipoteca,Both several today range other pressure.,2019-05-15,14548
107,65,Préstamo Personal,Itself trade seat recently less back.,2024-01-05,11595
108,16,Tarjeta de Crédito,Including card star fall head exist seem control.,2019-12-24,5600
109,13,Tarjeta de Crédito,Evidence seven budget such laugh drop offer one.,2023-07-22,44565
110,34,Hipoteca,Answer oil peace late address force.,2021-04-03,22701
111,43,Tarjeta de Crédito,Media order meet without.,2023-02-13,3705
112,52,Préstamo Personal,Agent detail memory professional site situation thousand oil.,2022-01-03,48469
113,42,Tarjeta de Crédito,Watch task once sure under book.,2021-09-02,26429
114,6,Hipoteca,Nothing administration nor far fast loss.,2020-06-09,49780
115,99,Hipoteca,Yes station into each effort.,2019-04-12,47770
116,80,Préstamo Personal,Activity great single campaign pull.,2023-03-24,35229
117,48,Tarjeta de Crédito,Vote music glass far present discuss.,2023-02-09,27770
118,93,Tarjeta de Crédito,Reason heavy eight particular without stuff.,2023-02-03,7967
119,65,Préstamo Personal,Cold summer certainly actually example guess attention.,2023-09-07,48145
120,69,Tarjeta de Crédito,Tend political maybe institution.,2020-08-24,27910
121,4,Tarjeta de Crédito,Performance evening relationship.,2023-07-04,47638
122,70,Hipoteca,History every magazine while young set.,2020-11-23,26424
123,60,Préstamo Personal,Power capital poor kitchen radio data.,2020-04-11,44725
124,84,Préstamo Personal,When information less head.,2022-03-06,29239
125,30,Tarjeta de Crédito,Anyone recognize director least.,2024-03-09,28075
126,63,Hipoteca,Music understand trip almost sea.,2019-08-14,25690
127,85,Préstamo Personal,Military strong training thing.,2019-10-19,30017
128,62,Hipoteca,Wife out performance raise dinner best walk.,2019-11-20,1048
129,82,Préstamo Personal,Some improve stock structure reveal read why.,2020-11-11,33846
130,29,Hipoteca,Program wall age alone or develop.,2023-12-08,25520
131,45,Préstamo Personal,Worker create cut open yourself.,2024-01-25,19869
132,85,Hipoteca,Line bag outside old week.,2020-03-02,20867
133,62,Préstamo Personal,Dream task true he.,2020-06-02,11907
134,44,Hipoteca,Cause today help everything film future west.,2019-07-12,39446
135,29,Tarjeta de Crédito,Imagine television as individual race particular.,2019-10-18,1642
136,87,Hipoteca,Hour coach total style experience them figure.,2020-01-22,31552
137,67,Préstamo Personal,Tv debate power remain.,2021-06-19,31123
138,68,Préstamo Personal,Reach experience interest help.,2021-09-07,46548
139,30,Préstamo Personal,Help occur official happen yet religious.,2019-06-25,46348
140,17,Tarjeta de Crédito,Cause community behavior huge herself minute.,2020-01-23,35595
141,91,Préstamo Personal,With weight family imagine culture.,2024-03-11,8264
142,13,Préstamo Personal,Event family paper plant it your.,2022-07-16,28948
143,98,Préstamo Personal,Painting answer PM successful.,2021-12-10,48778
144,68,Hipoteca,Goal quite discussion.,2022-02-19,12086
145,10,Préstamo Personal,During growth almost detail.,2023-11-04,20496
146,37,Hipoteca,Hand not best fine stock attack.,2021-06-08,36843
147,37,Préstamo Personal,Idea religious marriage spend word.,2024-02-26,31976
148,44,Hipoteca,With nice point.,2021-06-04,13315
149,57,Hipoteca,Number bag page term notice evening.,2019-05-08,34879
150,74,Préstamo Personal,Hot though thank choose arm.,2020-06-17,32440
151,63,Préstamo Personal,Sort certain end want girl discussion wait.,2023-06-11,31564
152,37,Hipoteca,Computer bed hundred course down care.,2021-03-10,12320
153,15,Tarjeta de Crédito,Couple sense every without eat professional.,2023-07-27,34048
154,1,Préstamo Personal,Market finally who machine fast appear.,2020-01-03,36643
155,86,Préstamo Personal,Decide speak thing important create.,2020-08-01,24498
156,56,Préstamo Personal,Rock industry sea system exactly station enough.,2022-06-11,14013
157,45,Préstamo Personal,Finally make century suddenly avoid whether.,2023-02-10,1121
158,51,Tarjeta de Crédito,Level market rate at.,2022-04-10,14667
159,82,Tarjeta de Crédito,Source perhaps almost.,2022-06-05,25087
160,97,Hipoteca,Side factor study laugh will create hotel.,2022-10-28,29653
161,75,Hipoteca,Western full message.,2022-07-19,8462
162,18,Hipoteca,Last arrive material.,2020-12-30,47252
163,51,Hipoteca,Go hard blue keep change exactly.,2019-08-21,36103
164,71,Hipoteca,Economic simple mention down.,2022-03-18,43896
165,10,Préstamo Personal,Building entire realize resource seem.,2022-07-07,42650
166,1,Préstamo Personal,Message behavior challenge cup sea wide exactly.,2019-08-07,18980
167,80,Tarjeta de Crédito,Page available model sure notice.,2023-10-25,23514
168,38,Préstamo Personal,Magazine first sport.,2023-03-29,10641
169,90,Préstamo Personal,Decision see hospital trip check stand car.,2019-03-20,43812
170,29,Préstamo Personal,It behavior identify our interview source ever.,2022-03-29,45315
171,39,Hipoteca,Left bar positive risk cut likely data reason.,2020-11-05,37352
172,54,Hipoteca,Bed out dark various always pay through.,2021-06-01,32396
173,34,Tarjeta de Crédito,Deep carry about community book quite.,2022-07-20,46517
174,11,Préstamo Personal,Nearly about time fear.,2021-07-03,29334
175,7,Tarjeta de Crédito,Day animal street research within.,2023-09-21,24182
176,70,Préstamo Personal,Vote education street simply hit keep.,2019-12-19,24463
177,3,Préstamo Personal,Professor fear despite customer party do.,2020-08-30,5973
178,62,Préstamo Personal,All health past fine both table medical.,2020-12-30,32580
179,89,Hipoteca,Deal operation century message.,2022-07-09,43594
180,50,Tarjeta de Crédito,Hear loss civil plant usually where.,2022-12-10,4056
181,84,Tarjeta de Crédito,Great policy magazine.,2019-07-07,11183
182,22,Hipoteca,Strong way miss might claim newspaper.,2020-03-09,19575
183,24,Hipoteca,Medical safe year price almost quickly.,2020-01-08,5409
184,52,Tarjeta de Crédito,Family rich back build green.,2022-11-17,46844
185,20,Hipoteca,Particularly several nature wonder enjoy.,2020-07-04,21023
186,76,Hipoteca,Certainly different issue we list through somebody.,2020-04-02,15136
187,60,Hipoteca,Turn capital many officer toward light mouth.,2021-08-01,46419
188,43,Tarjeta de Crédito,Color gun fast civil day quality able.,2019-07-07,30430
189,81,Préstamo Personal,Early career else old door.,2023-12-31,30423
190,46,Tarjeta de Crédito,Recent spring billion.,2021-05-11,28897
191,48,Préstamo Personal,Do middle grow.,2019-11-15,10034
192,36,Tarjeta de Crédito,Late one race tough system season.,2021-06-18,47376
193,31,Hipoteca,Above later song religious floor something land staff.,2021-01-22,9333
194,53,Préstamo Personal,Open moment other employee item firm.,2023-01-18,27636
195,33,Hipoteca,City side minute loss good.,2020-12-11,27007
196,44,Hipoteca,Role happy crime look plan tonight.,2022-09-29,36068
197,26,Hipoteca,Wait eat sell provide trip organization teacher.,2019-09-21,4232
198,20,Tarjeta de Crédito,With phone arrive risk.,2022-09-21,5241
199,70,Hipoteca,Manage take sport be create.,2022-11-16,24955
200,83,Préstamo Personal,Onto fill east detail firm industry.,2020-01-19,38278
201,15,Préstamo Personal,Themselves others organization material beyond still perform.,2023-06-18,26365
202,73,Hipoteca,Hospital turn ground tonight current.,2020-05-08,6531
203,78,Tarjeta de Crédito,Society ability ground chance relationship kind.,2020-12-14,43082
204,38,Hipoteca,Moment start white oil process.,2022-08-31,4275
205,49,Hipoteca,Upon large generation heavy outside see.,2019-08-17,19888
206,68,Préstamo Personal,Language trouble sound onto.,2020-09-15,24114
207,80,Préstamo Personal,Get opportunity manage fine raise property stuff.,2020-10-05,15111
208,23,Tarjeta de Crédito,Catch knowledge product model find agree fact.,2022-04-03,43339
209,13,Préstamo Personal,Radio court step likely.,2021-07-17,9934
210,87,Préstamo Personal,May product project fact remember.,2021-07-23,35081
211,12,Tarjeta de Crédito,Simply consider most last music order least.,2020-08-10,30626
212,34,Tarjeta de Crédito,Grow morning send.,2020-04-04,6968
213,28,Préstamo Personal,Everyone computer foreign.,2022-02-01,23938
214,94,Préstamo Personal,Investment in rest pay final action military rule.,2023-02-11,48215
215,67,Préstamo Personal,Write quality build kind.,2022-07-11,42846
216,77,Tarjeta de Crédito,Toward response box home fish.,2023-08-02,4086
217,41,Hipoteca,Institution report home enjoy exactly return reflect.,2021-10-07,49109
218,8,Tarjeta de Crédito,Start enough somebody process history.,2023-05-24,29275
219,80,Hipoteca,Low away four piece.,2021-03-23,43779
220,77,Préstamo Personal,Quickly author nature way important.,2020-11-05,41741
221,62,Tarjeta de Crédito,Responsibility by discover she group it investment thus.,2021-06-27,3995
222,78,Préstamo Personal,From crime laugh guess teach bed result.,2023-04-12,38110
223,13,Préstamo Personal,Forget floor maintain law them.,2020-11-07,15793
224,26,Préstamo Personal,Happy high wind seek low.,2023-01-06,47381
225,19,Hipoteca,Chair inside economy available.,2021-10-24,4663
226,42,Hipoteca,Step board its mind reach sense.,2023-04-10,33931
227,23,Tarjeta de Crédito,Form evening exactly song ten.,2024-03-15,34812
228,27,Hipoteca,Oil nation decide experience.,2019-05-24,8926
229,5,Préstamo Personal,Free account usually several general investment thus.,2020-08-28,5408
230,43,Tarjeta de Crédito,Dog data deep cut lot onto off although.,2023-05-10,31709
231,81,Hipoteca,Writer already memory account last live.,2023-07-17,33312
232,42,Hipoteca,By strong blood sign.,2024-02-07,25811
233,99,Tarjeta de Crédito,Close approach foreign score.,2020-05-21,12617
234,74,Préstamo Personal,Idea fine address into to certainly.,2023-02-09,47785
235,93,Préstamo Personal,Issue ok will form well choice.,2021-09-10,20420
236,71,Hipoteca,Condition base statement friend.,2020-04-29,35019
237,26,Tarjeta de Crédito,Full market bank student.,2021-06-22,29514
238,89,Tarjeta de Crédito,Arm yourself campaign safe firm green.,2024-02-23,30820
239,87,Hipoteca,Network edge table sense.,2024-01-08,8913
240,34,Préstamo Personal,Test somebody among shoulder forward hotel everything staff.,2019-07-31,10067
241,47,Hipoteca,Possible apply daughter middle product would.,2021-12-26,8195
242,42,Préstamo Personal,Direction shoulder play win under.,2023-10-26,40693
243,50,Hipoteca,Instead smile huge hard stock I several put.,2023-01-04,30484
244,0,Tarjeta de Crédito,Somebody piece treatment eye cost apply wonder.,2023-07-04,23839
245,32,Hipoteca,Trade near employee positive now success shoulder stage.,2020-09-09,26386
246,52,Préstamo Personal,Thank base debate bag lose.,2021-12-17,49123
247,68,Tarjeta de Crédito,Not on now security which adult note follow.,2023-05-24,3804
248,29,Hipoteca,People ready area animal area make.,2019-04-15,14978
249,50,Hipoteca,Often forget onto them here true wear.,2023-01-25,36372
250,19,Préstamo Personal,Administration mean paper parent kind.,2021-02-17,43113
251,16,Hipoteca,Enjoy behind give alone.,2022-10-01,7996
252,72,Préstamo Personal,Indicate our stage send individual.,2021-03-30,28509
253,23,Préstamo Personal,Hold lay happy hour spring.,2022-04-05,11380
254,66,Hipoteca,Last meeting language sister respond.,2020-12-05,6373
255,62,Hipoteca,Total under successful.,2023-06-15,24423
256,22,Hipoteca,Hit center face trade while within effect.,2019-06-15,13565
257,16,Préstamo Personal,Garden bring none stage usually.,2019-08-09,44227
258,88,Préstamo Personal,Likely on raise point claim write play thank.,2019-04-15,39055
259,51,Tarjeta de Crédito,Trip brother future year go prepare challenge avoid.,2019-08-10,34954
260,92,Tarjeta de Crédito,If day outside company food able billion.,2024-03-04,37052
261,96,Hipoteca,Might still sport full least meet recent front.,2019-07-05,43896
262,73,Tarjeta de Crédito,Music scene environmental west.,2023-06-28,17490
263,63,Préstamo Personal,Stand wife role fight left.,2023-11-05,45805
264,43,Hipoteca,Congress such inside hour.,2020-04-07,19464
265,81,Préstamo Personal,Answer church stage none.,2023-11-13,16594
266,11,Hipoteca,There recent indeed example news.,2022-08-12,19975
267,57,Préstamo Personal,President born natural agree office next focus.,2021-12-27,15905
268,14,Tarjeta de Crédito,Act issue several season free war best.,2022-01-13,5620
269,67,Tarjeta de Crédito,Young every health season them.,2022-01-19,48195
270,34,Tarjeta de Crédito,Total improve across make everybody evening similar upon.,2023-10-30,11684
271,42,Tarjeta de Crédito,Wear through life himself sell PM.,2021-07-28,19609
272,89,Hipoteca,Election store everyone foot on apply bank key.,2024-01-19,2908
273,41,Hipoteca,Member laugh fine try.,2021-11-02,15218
274,82,Préstamo Personal,Order believe himself follow free student perform.,2023-01-30,3568
275,13,Préstamo Personal,Maybe former book traditional.,2023-02-23,6117
276,54,Préstamo Personal,Firm whole enter sort even door.,2021-02-23,18159
277,85,Hipoteca,Truth card player general.,2023-02-27,16882
278,94,Hipoteca,Left what decide account standard way eat.,2022-03-30,29014
279,85,Hipoteca,Story quickly music window range us per.,2023-03-06,24712
280,17,Tarjeta de Crédito,Life right score end discover.,2019-06-02,15411
281,99,Tarjeta de Crédito,Agent near bring phone.,2021-04-25,45261
282,33,Préstamo Personal,Strategy series why note available guess.,2019-12-05,11192
283,78,Tarjeta de Crédito,Point from according sometimes put operation.,2022-01-04,37034
284,58,Tarjeta de Crédito,Reveal nearly man human.,2020-07-26,33120
285,66,Hipoteca,Vote partner happy onto perform leader close.,2022-08-19,31538
286,95,Préstamo Personal,War rich foot keep condition.,2021-05-14,33339
287,14,Préstamo Personal,Would particular tough agent institution.,2022-08-27,42860
288,64,Hipoteca,Black box green around shoulder life ok.,2021-09-22,13385
289,94,Tarjeta de Crédito,Newspaper degree well think truth.,2021-01-10,41074
290,71,Hipoteca,Success hospital case role speak machine.,2021-06-23,47860
291,1,Préstamo Personal,How begin wrong experience yet work.,2019-03-25,24231
292,79,Hipoteca,Community politics may she agency drop.,2023-06-21,37216
293,60,Tarjeta de Crédito,What establish majority until simple plan within.,2021-04-03,27371
294,65,Hipoteca,Environmental laugh your his same clear.,2019-10-24,15010
295,27,Tarjeta de Crédito,Customer do deep across agreement truth.,2023-03-17,8958
296,37,Tarjeta de Crédito,Player vote as.,2022-03-03,24036
297,99,Hipoteca,Billion room travel trial decide.,2022-05-26,39063
298,38,Tarjeta de Crédito,Try though senior maintain arm reveal.,2020-10-07,48047
299,59,Préstamo Personal,According thank ask bank herself will.,2020-01-30,11866
300,75,Hipoteca,Blood politics really rise nothing campaign tend.,2023-01-30,15127
301,17,Préstamo Personal,Every sometimes decision voice.,2023-12-17,42091
302,67,Tarjeta de Crédito,Environment simply course.,2019-12-11,45511
303,78,Préstamo Personal,Traditional trip debate election agency hard.,2022-09-27,38395
304,84,Tarjeta de Crédito,Space management edge wait conference near receive.,2023-04-18,14875
305,36,Préstamo Personal,Stop risk lay story buy positive.,2020-10-10,9092
306,25,Hipoteca,Phone time always late.,2020-05-17,47394
307,88,Tarjeta de Crédito,Choose produce money top pretty position.,2021-03-16,22056
308,2,Hipoteca,Commercial interview note.,2021-05-23,18423
309,5,Hipoteca,Source store her worry.,2020-10-18,11445
310,90,Hipoteca,Discover hand government continue.,2021-08-22,49849
311,24,Préstamo Personal,Lay ask chair per good think happy.,2023-04-11,20122
312,54,Préstamo Personal,Character night them play lay price.,2019-10-25,8179
313,80,Tarjeta de Crédito,Sometimes five that.,2022-03-17,3190
314,36,Tarjeta de Crédito,That off send process through.,2021-12-10,25369
315,2,Préstamo Personal,Theory arm real also professional agency each.,2021-03-18,43494
316,57,Hipoteca,Increase rate stage charge catch similar space movie.,2023-03-23,37704
317,24,Hipoteca,Day own doctor modern discuss.,2021-08-04,3912
318,91,Tarjeta de Crédito,Mr box few ground guess.,2020-12-25,47172
319,51,Préstamo Personal,Develop save control report woman.,2020-12-06,5036
320,41,Hipoteca,The yard put indeed.,2020-10-30,48294
321,13,Hipoteca,Head grow condition property.,2019-10-21,38036
322,87,Hipoteca,Wonder law work yeah where.,2019-09-11,28353
323,88,Préstamo Personal,Finally court break property.,2022-03-11,24098
324,49,Tarjeta de Crédito,Art learn table vote reflect.,2022-06-26,44294
325,48,Hipoteca,And control claim describe various.,2020-04-16,38986
326,69,Préstamo Personal,Us affect risk Mr professor nothing.,2021-06-06,16556
327,44,Préstamo Personal,Officer time all.,2020-12-15,39562
328,63,Préstamo Personal,Still player southern others add.,2023-05-26,32766
329,95,Tarjeta de Crédito,Someone assume sport that fear food.,2022-01-31,42716
330,76,Hipoteca,Prevent four shoulder including think pretty huge with.,2022-06-05,12122
331,20,Hipoteca,Table natural himself probably study support.,2022-06-06,47150
332,57,Préstamo Personal,Think I finally audience machine garden government turn.,2020-02-20,32455
333,30,Hipoteca,Group still production walk.,2019-03-21,5768
334,39,Hipoteca,Tough somebody black less.,2022-04-13,28054
335,0,Hipoteca,Worry anyone ago her management.,2023-04-10,17133
336,16,Hipoteca,By analysis together reach.,2022-08-02,44448
337,31,Hipoteca,Become join explain meeting available religious such.,2021-08-22,45581
338,1,Tarjeta de Crédito,Short increase do recognize teacher.,2022-08-08,23321
339,22,Hipoteca,Room make list together finally argue.,2022-07-22,47717
340,53,Hipoteca,Difference police pay important.,2023-10-07,12666
341,83,Hipoteca,So people notice lawyer energy level worker guess.,2020-02-22,6778
342,23,Préstamo Personal,Imagine foreign north must family never hear.,2020-10-04,11581
343,33,Préstamo Personal,Place first majority how summer finish guess.,2024-03-05,18326
344,47,Hipoteca,Main popular light travel.,2022-07-09,2415
345,15,Hipoteca,Lay interview full plan cut should in.,2023-11-11,29472
346,98,Tarjeta de Crédito,Read project it response.,2022-12-25,8556
347,74,Tarjeta de Crédito,Full find responsibility station rich.,2019-06-06,31164
348,62,Hipoteca,Red once middle move lead occur heavy.,2019-03-23,5075
349,73,Tarjeta de Crédito,Rich read front someone goal.,2019-07-31,33186
350,56,Hipoteca,Actually card east agree old increase individual.,2019-08-17,41019
351,87,Tarjeta de Crédito,Method action teacher age media different official.,2019-06-30,28377
352,46,Tarjeta de Crédito,Program age suddenly force.,2019-09-21,9431
353,42,Tarjeta de Crédito,Effect future mother rest interest arrive.,2019-10-14,45011
354,30,Tarjeta de Crédito,Pressure ever Congress anyone street onto.,2023-01-12,8613
355,81,Hipoteca,Leave visit off direction music hundred.,2023-03-10,14037
356,59,Préstamo Personal,General benefit time study exactly.,2022-06-20,13261
357,88,Hipoteca,Firm gun forward.,2020-03-01,4951
358,8,Tarjeta de Crédito,Administration course face serious they.,2023-06-03,15613
359,58,Préstamo Personal,Compare father relate maintain where bad down.,2019-09-23,5085
360,67,Préstamo Personal,Agency generation during pretty class report result.,2019-12-30,16746
361,97,Hipoteca,If involve main year treat take fact.,2022-12-02,49468
362,39,Préstamo Personal,Thus moment paper especially generation eight their.,2021-04-23,20571
363,84,Préstamo Personal,Dark sell staff American last economic fill.,2021-12-02,3587
364,45,Préstamo Personal,Generation across later store first either radio cost.,2022-07-09,2076
365,12,Préstamo Personal,Knowledge throughout deal scientist best source.,2023-12-21,5193
366,69,Préstamo Personal,Space police without enter top.,2019-05-04,16505
367,6,Hipoteca,Political performance yes plant bank manager.,2024-01-15,4822
368,17,Préstamo Personal,Full while see.,2020-10-29,31878
369,67,Préstamo Personal,Foot no next place economy at picture anything.,2019-05-20,42406
370,55,Tarjeta de Crédito,Occur him message sign culture.,2022-01-01,10690
371,82,Préstamo Personal,Change happy education national.,2021-04-16,12365
372,0,Tarjeta de Crédito,North exactly against fight rock.,2021-10-02,10880
373,69,Préstamo Personal,Since decide ok describe deal.,2019-07-29,19497
374,46,Tarjeta de Crédito,None them above move tough.,2023-04-24,3711
375,17,Hipoteca,National usually laugh.,2021-08-05,4050
376,86,Préstamo Personal,By hotel building language.,2022-01-24,5446
377,14,Tarjeta de Crédito,Seek discussion city least.,2021-10-31,40325
378,51,Hipoteca,Official type imagine shake.,2021-12-13,46258
379,80,Hipoteca,Tax common world main agree statement true.,2022-01-08,3003
380,92,Tarjeta de Crédito,Study bar weight hard exist enjoy care.,2021-01-04,27704
381,15,Hipoteca,Black site war return.,2024-01-08,26308
382,61,Hipoteca,Contain pattern certain sea though involve.,2021-07-03,17365
383,91,Hipoteca,Attorney within position end success goal admit.,2021-10-24,19928
384,57,Préstamo Personal,Able fill chair run just scene.,2022-06-05,9496
385,41,Hipoteca,Attorney radio four able.,2023-01-04,38113
386,35,Tarjeta de Crédito,Dark interview site Mr at science help suddenly.,2022-11-10,12095
387,54,Tarjeta de Crédito,Drop rock head why Democrat resource interesting.,2019-09-28,11282
388,7,Tarjeta de Crédito,Game meet eat each.,2020-06-27,35688
389,11,Hipoteca,Thus technology what level baby usually road.,2020-01-28,24902
390,41,Tarjeta de Crédito,And success much own.,2021-05-11,37587
391,17,Préstamo Personal,Movement maintain data call.,2019-07-06,49971
392,62,Tarjeta de Crédito,Increase themselves until leader stop under leader professor.,2019-06-28,20072
393,51,Préstamo Personal,Better whom approach.,2023-02-05,30817
394,35,Tarjeta de Crédito,Physical serve now wonder detail leg operation.,2022-03-18,34046
395,58,Hipoteca,Push physical inside blood guy.,2021-10-31,34678
396,11,Hipoteca,Family buy seek spring agency unit.,2020-05-06,29222
397,64,Tarjeta de Crédito,South act level particular fine enter direction same.,2021-01-18,49512
398,47,Tarjeta de Crédito,My itself save traditional the party identify.,2020-03-26,33613
399,91,Tarjeta de Crédito,Store hair usually.,2024-02-20,13938
